{
  "IcoMoonType": "selection",
  "icons": [
    {
      "icon": {
        "paths": [
          "M804.571 420.571v109.714c0 30.286-24.571 54.857-54.857 54.857h-237.714v237.714c0 30.286-24.571 54.857-54.857 54.857h-109.714c-30.286 0-54.857-24.571-54.857-54.857v-237.714h-237.714c-30.286 0-54.857-24.571-54.857-54.857v-109.714c0-30.286 24.571-54.857 54.857-54.857h237.714v-237.714c0-30.286 24.571-54.857 54.857-54.857h109.714c30.286 0 54.857 24.571 54.857 54.857v237.714h237.714c30.286 0 54.857 24.571 54.857 54.857z"
        ],
        "width": 804.5714285714286,
        "attrs": [],
        "isMulticolor": false,
        "isMulticolor2": false,
        "tags": ["plus"],
        "defaultCode": 61543,
        "grid": 14
      },
      "attrs": [],
      "properties": {
        "name": "plus",
        "id": 1,
        "order": 1367,
        "prevSize": 28,
        "code": 61543
      },
      "setIdx": 0,
      "setId": 2,
      "iconIdx": 1
    },
    {
      "icon": {
        "paths": [
          "M804.571 420.571v109.714c0 30.286-24.571 54.857-54.857 54.857h-694.857c-30.286 0-54.857-24.571-54.857-54.857v-109.714c0-30.286 24.571-54.857 54.857-54.857h694.857c30.286 0 54.857 24.571 54.857 54.857z"
        ],
        "width": 804.5714285714286,
        "attrs": [],
        "isMulticolor": false,
        "isMulticolor2": false,
        "tags": ["minus"],
        "defaultCode": 61544,
        "grid": 14
      },
      "attrs": [],
      "properties": {
        "name": "minus",
        "id": 3,
        "order": 1368,
        "prevSize": 28,
        "code": 61544
      },
      "setIdx": 0,
      "setId": 2,
      "iconIdx": 3
    },
    {
      "icon": {
        "paths": [
          "M1024 768v73.143c0 20-16.571 36.571-36.571 36.571h-950.857c-20 0-36.571-16.571-36.571-36.571v-73.143c0-20 16.571-36.571 36.571-36.571h950.857c20 0 36.571 16.571 36.571 36.571zM1024 548.571v73.143c0 20-16.571 36.571-36.571 36.571h-731.429c-20 0-36.571-16.571-36.571-36.571v-73.143c0-20 16.571-36.571 36.571-36.571h731.429c20 0 36.571 16.571 36.571 36.571zM1024 329.143v73.143c0 20-16.571 36.571-36.571 36.571h-877.714c-20 0-36.571-16.571-36.571-36.571v-73.143c0-20 16.571-36.571 36.571-36.571h877.714c20 0 36.571 16.571 36.571 36.571zM1024 109.714v73.143c0 20-16.571 36.571-36.571 36.571h-658.286c-20 0-36.571-16.571-36.571-36.571v-73.143c0-20 16.571-36.571 36.571-36.571h658.286c20 0 36.571 16.571 36.571 36.571z"
        ],
        "width": 1024,
        "attrs": [],
        "isMulticolor": false,
        "isMulticolor2": false,
        "tags": ["align-right"],
        "defaultCode": 61496,
        "grid": 14
      },
      "attrs": [],
      "properties": {
        "name": "align-right",
        "id": 57,
        "order": 1369,
        "prevSize": 28,
        "code": 61496
      },
      "setIdx": 0,
      "setId": 2,
      "iconIdx": 57
    },
    {
      "icon": {
        "paths": [
          "M1024 457.143v109.714c0 10.286-8 18.286-18.286 18.286h-713.143v128c0 7.429-4 13.714-10.857 16.571s-14.286 1.714-20-2.857l-219.429-200c-3.429-3.429-5.714-8-5.714-13.143v0c0-5.143 2.286-10.286 5.714-13.714l219.429-202.286c5.714-5.143 13.143-6.286 20-3.429 6.286 2.857 10.857 9.143 10.857 16.571v128h713.143c10.286 0 18.286 8 18.286 18.286z"
        ],
        "attrs": [{}],
        "width": 1061,
        "isMulticolor": false,
        "isMulticolor2": false,
        "tags": ["long-arrow-left"],
        "grid": 14
      },
      "attrs": [{}],
      "properties": {
        "order": 1,
        "id": 6,
        "name": "long-arrow-left",
        "prevSize": 28,
        "code": 59648
      },
      "setIdx": 2,
      "setId": 0,
      "iconIdx": 0
    },
    {
      "icon": {
        "paths": [
          "M558.857 677.143c0 116.571-83.429 208.571-204.571 228.571v100c0 10.286-8 18.286-18.286 18.286h-77.143c-9.714 0-18.286-8-18.286-18.286v-100c-133.714-18.857-206.857-98.857-209.714-102.286-5.714-6.857-6.286-16.571-1.143-23.429l58.857-77.143c2.857-4 8-6.286 13.143-6.857s10.286 1.143 13.714 5.143c1.143 0.571 81.143 77.143 182.286 77.143 56 0 116.571-29.714 116.571-94.286 0-54.857-67.429-81.714-144.571-112.571-102.857-40.571-230.857-92-230.857-235.429 0-105.143 82.286-192 201.714-214.857v-102.857c0-10.286 8.571-18.286 18.286-18.286h77.143c10.286 0 18.286 8 18.286 18.286v100.571c116 13.143 177.714 76 180 78.286 5.714 6.286 6.857 14.857 2.857 21.714l-46.286 83.429c-2.857 5.143-7.429 8.571-13.143 9.143-5.714 1.143-10.857-0.571-15.429-4-0.571-0.571-69.714-61.714-155.429-61.714-72.571 0-122.857 36-122.857 88 0 60.571 69.714 87.429 150.857 118.857 105.143 40.571 224 86.857 224 224.571z"
        ],
        "attrs": [{}],
        "width": 583,
        "isMulticolor": false,
        "isMulticolor2": false,
        "tags": ["dollar", "usd"],
        "grid": 14
      },
      "attrs": [{}],
      "properties": {
        "order": 1,
        "id": 5,
        "prevSize": 28,
        "code": 59649,
        "name": "dollar"
      },
      "setIdx": 2,
      "setId": 0,
      "iconIdx": 1
    },
    {
      "icon": {
        "paths": [
          "M987.429 510.286c0 5.143-2.286 10.286-5.714 13.714l-219.429 202.286c-5.714 5.143-13.143 6.286-20 3.429-6.286-2.857-10.857-9.143-10.857-16.571v-128h-713.143c-10.286 0-18.286-8-18.286-18.286v-109.714c0-10.286 8-18.286 18.286-18.286h713.143v-128c0-7.429 4-13.714 10.857-16.571s14.286-1.714 20 2.857l219.429 200c3.429 3.429 5.714 8 5.714 13.143v0z"
        ],
        "attrs": [{}],
        "width": 987,
        "isMulticolor": false,
        "isMulticolor2": false,
        "tags": ["long-arrow-right"],
        "grid": 14
      },
      "attrs": [{}],
      "properties": {
        "order": 1,
        "id": 4,
        "prevSize": 28,
        "code": 59650,
        "name": "long-arrow-right"
      },
      "setIdx": 2,
      "setId": 0,
      "iconIdx": 2
    },
    {
      "icon": {
        "paths": [
          "M585.143 512c0-80.571-65.714-146.286-146.286-146.286s-146.286 65.714-146.286 146.286 65.714 146.286 146.286 146.286 146.286-65.714 146.286-146.286zM664 512c0 124.571-100.571 225.143-225.143 225.143s-225.143-100.571-225.143-225.143 100.571-225.143 225.143-225.143 225.143 100.571 225.143 225.143zM725.714 277.714c0 29.143-23.429 52.571-52.571 52.571s-52.571-23.429-52.571-52.571 23.429-52.571 52.571-52.571 52.571 23.429 52.571 52.571zM438.857 152c-64 0-201.143-5.143-258.857 17.714-20 8-34.857 17.714-50.286 33.143s-25.143 30.286-33.143 50.286c-22.857 57.714-17.714 194.857-17.714 258.857s-5.143 201.143 17.714 258.857c8 20 17.714 34.857 33.143 50.286s30.286 25.143 50.286 33.143c57.714 22.857 194.857 17.714 258.857 17.714s201.143 5.143 258.857-17.714c20-8 34.857-17.714 50.286-33.143s25.143-30.286 33.143-50.286c22.857-57.714 17.714-194.857 17.714-258.857s5.143-201.143-17.714-258.857c-8-20-17.714-34.857-33.143-50.286s-30.286-25.143-50.286-33.143c-57.714-22.857-194.857-17.714-258.857-17.714zM877.714 512c0 60.571 0.571 120.571-2.857 181.143-3.429 70.286-19.429 132.571-70.857 184s-113.714 67.429-184 70.857c-60.571 3.429-120.571 2.857-181.143 2.857s-120.571 0.571-181.143-2.857c-70.286-3.429-132.571-19.429-184-70.857s-67.429-113.714-70.857-184c-3.429-60.571-2.857-120.571-2.857-181.143s-0.571-120.571 2.857-181.143c3.429-70.286 19.429-132.571 70.857-184s113.714-67.429 184-70.857c60.571-3.429 120.571-2.857 181.143-2.857s120.571-0.571 181.143 2.857c70.286 3.429 132.571 19.429 184 70.857s67.429 113.714 70.857 184c3.429 60.571 2.857 120.571 2.857 181.143z"
        ],
        "attrs": [{}],
        "width": 878,
        "isMulticolor": false,
        "isMulticolor2": false,
        "tags": ["instagram"],
        "grid": 14
      },
      "attrs": [{}],
      "properties": {
        "order": 1,
        "id": 3,
        "prevSize": 28,
        "code": 59651,
        "name": "instagram"
      },
      "setIdx": 2,
      "setId": 0,